﻿<?xml version="1.0" encoding="utf-8" ?>
<Configuration>
	<Profiles>
		<Profile >
			<ProfileName>Default</ProfileName>
			<Offline>
				<TDP1>9</TDP1>
				<TDP2>12</TDP2>
				<GPUCLK></GPUCLK>
				<MAXCPU></MAXCPU>
				<ActiveCores></ActiveCores>
			</Offline>
			<Online>
				<TDP1>10</TDP1>
				<TDP2>11</TDP2>
				<GPUCLK></GPUCLK>
				<MAXCPU></MAXCPU>
				<ActiveCores></ActiveCores>
			</Online>
		</Profile>
	
	</Profiles>

	<Applications>
		<App>

			
		</App>

	</Applications>
	<ProfileTemplate>
		<Profile >
			<ProfileName>ProfileTemplate</ProfileName>
			<Offline>
				<TDP1></TDP1>
				<TDP2></TDP2>
				<GPUCLK></GPUCLK>
				<MAXCPU></MAXCPU>
				<ActiveCores></ActiveCores>
			</Offline>
			<Online>
				<TDP1></TDP1>
				<TDP2></TDP2>
				<GPUCLK></GPUCLK>
				<MAXCPU></MAXCPU>
				<ActiveCores></ActiveCores>
			</Online>
		</Profile>
	</ProfileTemplate>
	<AppTemplate>
		<App>
			<DisplayName></DisplayName>
			<Exe></Exe>
			<Path></Path>
			<AppType></AppType>
			<GameType></GameType>
			<Image></Image>
			<Profile></Profile>
	
		</App>
	</AppTemplate>
</Configuration>

